t,(Var=C2) C2,(Var=CP) CP,(Var=CT) CT,(Var=EmptySet) EmptySet,(Var=J_Reaction1) J_Reaction1,(Var=J_Reaction2) J_Reaction2,(Var=J_Reaction3) J_Reaction3,(Var=J_Reaction4) J_Reaction4,(Var=J_Reaction5) J_Reaction5,(Var=J_Reaction6) J_Reaction6,(Var=J_Reaction7) J_Reaction7,(Var=J_Reaction8) J_Reaction8,(Var=J_Reaction9) J_Reaction9,(Var=M) M,(Var=pM) pM,(Var=Y) Y,(Var=YP) YP
0.00E+000,0.00E+000,750000,1000000,0,0,0.00E+000,7.50E+008,0.00E+000,0.00E+000,15000,0,0,4.50E+003,0.00E+000,2.50E+005,0,0.00E+000
9.46E-011,7.10E-002,749999.92902873,1000000,0,4.26E-007,7.10E+004,7.50E+008,2.13E-004,0,15000,0,1.21E-017,4.50E+003,4.26E-007,2.50E+005,1.42E-006,2.02E-017
2.52E-009,1.8881471503,749998.11185285,1000000,0,1.13E-005,1.89E+006,7.50E+008,5.67E-003,0,15000,0,8.58E-015,4.50E+003,1.13E-005,2.50E+005,3.78E-005,1.43E-014
2.52E-008,18.6730554702,749981.326944529,1000000,0,1.13E-004,1.87E+007,7.50E+008,5.67E-002,0,15000,0,8.58E-013,4.50E+003,1.13E-004,2.50E+005,3.78E-004,1.43E-012
9.64E-008,68.9421848454,749931.057815145,1000000,0,4.34E-004,6.89E+007,7.50E+008,2.17E-001,0,15000,0,1.26E-011,4.50E+003,4.34E-004,249999.999566072,0.0014464517,2.09E-011
2.77E-007,181.5650752639,749818.43492465,1000000,0,0.0012475285,1.82E+008,7.50E+008,6.24E-001,0,15000,0,1.04E-010,4.50E+003,1.25E-003,249999.998752558,0.0041583426,1.73E-010
5.69E-007,325.4188575896,749674.581142047,1000000,0,0.0025612537,3.25E+008,7.50E+008,1.28E+000,0,15000,0,4.37E-010,4.50E+003,2.56E-003,249999.99743911,0.0085371504,7.29E-010
8.61E-007,432.8195259097,749567.180473259,1000000,0,0.0038749784,4.33E+008,7.50E+008,1.94E+000,0,15000,0,1.00E-009,4.50E+003,3.87E-003,249999.996125854,0.0129157665,1.67E-009
1.29E-006,542.6846294537,749457.315368687,1000000,0,0.0057922432,5.43E+008,7.49E+008,2.89E+000,0,15000,0,2.24E-009,4.50E+003,5.79E-003,249999.994209616,0.0193056273,3.73E-009
1.73E-006,616.4010989806,749383.598897669,1000000,0,0.0077765672,6.16E+008,7.49E+008,3.88E+000,0,15000,0,4.03E-009,4.50E+003,7.78E-003,249999.992226783,0.0259185563,6.72E-009
2.17E-006,663.8106509659,749336.189343756,1000000,0,0.0097608903,6.64E+008,7.49E+008,4.88E+000,0,15000,0,6.35E-009,4.50E+003,9.76E-003,249999.990244388,0.0325310484,1.06E-008
2.61E-006,694.3013355335,749305.698656825,1000000,0,0.0117452125,6.94E+008,7.49E+008,5.87E+000,0,15000,0,9.20E-009,4.50E+003,1.17E-002,249999.988262429,0.0391431036,1.53E-008
3.12E-006,716.1969110324,749283.803078065,1000000,0,0.0140301601,7.16E+008,7.49E+008,7.01E+000,0,15000,0,1.31E-008,4.50E+003,1.40E-002,249999.985980743,0.0467563496,2.19E-008
3.78E-006,732.2403338683,749267.759650095,1000000,0,0.0170165674,7.32E+008,7.49E+008,8.50E+000,0,15000,0,1.93E-008,4.50E+003,1.70E-002,249999.98299947,0.0567059307,3.22E-008
4.45E-006,740.4967210888,749259.503256752,1000000,0,0.0200029726,7.40E+008,7.49E+008,9.99E+000,0,15000,0,2.67E-008,4.50E+003,2.00E-002,249999.980019187,0.0666545224,4.45E-008
5.11E-006,744.7456853018,749255.25428543,1000000,0,0.0229893759,7.45E+008,7.49E+008,1.15E+001,0,15000,0,3.52E-008,4.50E+003,2.30E-002,249999.977039893,0.0766021249,5.87E-008
5.97E-006,747.3532395673,749252.646720433,1000000,0,0.0268764418,7.47E+008,7.49E+008,1.34E+001,0,15000,0,4.82E-008,4.50E+003,2.69E-002,249999.973163559,0.0895483312,8.03E-008
6.97E-006,748.5514543482,749251.448491182,1000000,0,0.0313639469,7.49E+008,7.49E+008,1.57E+001,0,15000,0,6.56E-008,4.50E+003,3.14E-002,249999.968690523,0.1044922817,1.09E-007
7.97E-006,748.9930360049,749251.006892828,1000000,0,0.0358514474,7.49E+008,7.49E+008,1.79E+001,0,15000,0,8.57E-008,4.50E+003,3.59E-002,249999.96421972,0.1194339993,1.43E-007
9.48E-006,749.1940654545,749250.805833792,1000000,0,0.04265933,7.49E+008,7.49E+008,2.13E+001,0,15000,0,1.21E-007,4.50E+003,4.27E-002,249999.957441423,0.1420974973,2.02E-007
1.12E-005,749.2401137116,749250.75974688,1000000,0,0.0501819501,7.49E+008,7.49E+008,2.50E+001,0,15000,0,1.68E-007,4.50E+003,5.02E-002,249999.949957458,0.1671344288,2.80E-007
1.36E-005,749.249821206,749250.749971815,1000000,0,0.0611495623,7.49E+008,7.49E+008,3.05E+001,0,15000,0,2.49E-007,4.50E+003,6.11E-002,249999.939057416,0.2036258902,4.15E-007
1.82E-005,749.2507389733,749250.748888653,1000000,0,0.0820294743,7.49E+008,7.49E+008,4.09E+001,0,15000,0,4.49E-007,4.50E+003,8.20E-002,249999.918342898,0.2730609978,7.48E-007
3.40E-005,749.2507483629,749250.747954974,1000000,0,0.1531311841,7.49E+008,7.49E+008,7.63E+001,0,15000,0,1.56E-006,4.50E+003,1.53E-001,249999.848165478,0.5091468534,2.61E-006
1.92E-004,749.2507095701,749250.708288011,1000000,0,0.8644376095,7.49E+008,7.49E+008,4.26E+002,0,15000,0,4.98E-005,4.50E+003,8.64E-001,249999.176564808,2.8406548552,8.30E-005
8.64E-004,749.2499543727,749249.94867998,1000000,0,3.8841704493,7.49E+008,7.49E+008,1.82E+003,0,15000,0,1.01E-003,4.50E+003,3.88E+000,249996.917195197,12.1498688557,1.68E-003
2.27E-003,749.2455814021,749245.56687694,1000000,0,10.2160966333,7.49E+008,7.49E+008,4.33E+003,0,15000,0,6.97E-003,4.50E+003,1.02E+001,249994.971445023,28.8936564095,1.16E-002
4.88E-003,749.2296064308,749229.576801352,1000000,0,21.888579469,7.49E+008,7.49E+008,7.78E+003,0,15000,0,3.20E-002,4.50E+003,2.19E+001,249999.305012747,51.8938597661,5.34E-002
7.73E-003,749.20365709,749203.612180781,1000000,0,34.6672848867,7.49E+008,7.49E+008,1.03E+004,0,15000,0,8.04E-002,4.50E+003,3.47E+001,250012.516877242,68.6862835749,1.34E-001
1.06E-002,749.1719011152,749171.841837475,1000000,0,47.4104792978,7.49E+008,7.49E+008,1.19E+004,0,15000,0,1.51E-001,4.50E+003,4.74E+001,250031.575782111,79.6307125935,2.51E-001
1.34E-002,749.1363740245,749136.300984059,1000000,0,60.1185496379,7.49E+008,7.49E+008,1.30E+004,0,15000,0,2.42E-001,4.50E+003,6.01E+001,250054.444092278,86.76449586,4.04E-001
1.63E-002,749.0984021512,749098.315754581,1000000,0,72.7917962908,7.49E+008,7.49E+008,1.37E+004,0,15000,0,3.56E-001,4.50E+003,7.28E+001,250079.794046976,91.415193683,5.93E-001
1.96E-002,749.0527429567,749052.641512904,1000000,0,87.3468905772,7.49E+008,7.49E+008,1.42E+004,0,15000,0,5.13E-001,4.50E+003,8.73E+001,250110.958853561,94.8052774164,8.55E-001
2.39E-002,748.9912085899,748991.087823258,1000000,0,106.3110380328,7.49E+008,7.49E+008,1.46E+004,0,15000,0,7.62E-001,4.50E+003,1.06E+002,250153.609930119,97.3362039177,1.27E+000
2.82E-002,748.9285576551,748928.417822409,1000000,0,125.1978624544,7.49E+008,7.49E+008,1.48E+004,0,15000,0,1.06E+000,4.50E+003,1.25E+002,250197.45575748,98.668243837,1.76E+000
3.25E-002,748.8653592031,748865.200475147,1000000,0,144.0078987403,7.49E+008,7.49E+008,1.49E+004,0,15000,0,1.40E+000,4.51E+003,1.44E+002,250241.926266909,99.3712626588,2.34E+000
3.79E-002,748.7858998658,748785.717653773,1000000,0,167.4518044103,7.49E+008,7.49E+008,1.49E+004,0,15000,0,1.90E+000,4.51E+003,1.67E+002,250298.04464195,99.8067526435,3.17E+000
4.44E-002,748.6903123264,748690.102103717,1000000,0,195.4586175057,7.49E+008,7.49E+008,1.50E+004,0,15000,0,2.60E+000,4.51E+003,1.95E+002,250365.74896645,100.031966087,4.33E+000
5.08E-002,748.5947734558,748594.535411718,1000000,0,223.295747397,7.49E+008,7.49E+008,1.50E+004,0,15000,0,3.40E+000,4.51E+003,2.23E+002,250433.574067428,100.1253180179,5.66E+000
6.00E-002,748.4594345686,748459.15734568,1000000,0,262.5081991474,7.48E+008,7.48E+008,1.50E+004,0,15000,0,4.72E+000,4.51E+003,2.63E+002,250529.875020604,100.1802444787,7.86E+000
6.99E-002,748.3144737705,748314.154852861,1000000,0,304.2431864534,7.48E+008,7.48E+008,1.50E+004,0,15000,0,6.36E+000,4.52E+003,3.04E+002,250633.287486914,100.2092885336,1.06E+001
8.48E-002,748.0963056443,748095.924476298,1000000,0,366.5553263552,7.48E+008,7.48E+008,1.50E+004,0,15000,0,9.29E+000,4.52E+003,3.67E+002,250789.423891702,100.2411052055,15.4828827351
0.1103435902,747.7243561229,747723.870184316,1000000,0,471.4305337397,7.48E+008,7.48E+008,1.50E+004,0,15000,0,15.5266853075,4.53E+003,4.71E+002,251056.974925821,100.2913636171,25.8778088458
0.1561188564,747.0644304049,747063.762701631,1000000,0,653.376785823,7.47E+008,7.47E+008,1.50E+004,0,15000,0,30.3705921289,4.55E+003,6.53E+002,251535.79608214,100.3801295876,50.6176535482
0.25163605,745.7132436542,745712.219601119,1000000,0,1010.0825713146,7.46E+008,7.46E+008,1.50E+004,0,15000,0,75.2385138955,4.59E+003,1.01E+003,252531.98458391,100.5623373824,125.3975231592
0.4267168322,743.3194834981,743317.876557277,1000000,0,1593.5526394666,7.43E+008,7.43E+008,1.50E+004,0,15000,0,198.7597655128,4.69E+003,1.59E+003,254345.251319752,100.8867171692,331.2662758546
0.6536633727,740.3563268993,740354.074781607,1000000,0,2239.3741971667,7.40E+008,7.40E+008,1.50E+004,0,15000,0,419.5363953078,4.85E+003,2.24E+003,256666.194694319,101.2910892284,699.2273255129
0.8806099132,737.527945937,737525.146050534,1000000,0,2787.690278722,7.38E+008,7.38E+008,1.50E+004,0,15000,0,687.8070216891,5.02E+003,2.79E+003,258949.6357248,101.6800349611,1146.3450361484
1.1305275553,734.5460423519,734542.72609889,1000000,0,3304.5727775603,7.35E+008,7.35E+008,1.50E+004,0,15000,0,1018.0297288782,5.22E+003,3.30E+003,261418.155081186,102.0932773414,1696.7162147969
1.4723296037,730.6585215682,730654.610168633,1000000,0,3900.314129586,7.31E+008,7.31E+008,1.50E+004,0,15000,0,1500.8268172591,5.49E+003,3.90E+003,264714.417180201,102.6370131513,2501.3780287651
1.8141316522,726.9572679271,726952.855903419,1000000,0,4401.4385167162,7.27E+008,7.27E+008,1.50E+004,0,15000,0,1995.0142813833,5.76E+003,4.40E+003,267918.748311928,103.1600368248,3325.0238023055
2.1733578989,723.237992963,723233.128242109,1000000,0,4854.5882703863,7.23E+008,7.23E+008,1.50E+004,0,15000,0,2508.1347809384,6.03E+003,4.85E+003,271189.045494534,103.6909512807,4180.2246348973
2.6894019298,718.1570327436,718151.609300323,1000000,0,5413.8691295883,7.18E+008,7.18E+008,1.50E+004,0,15000,0,3213.2176370398,6.42E+003,5.41E+003,275716.36453733,104.4250736304,5355.3627283996
3.2054459608,713.3443988637,713338.488265678,1000000,0,5901.5108206473,7.13E+008,7.13E+008,1.50E+004,0,15000,0,3868.7100945679,6.80E+003,5.90E+003,280046.656514798,105.1300342411,6447.8501576132
3.7214899918,708.7707345958,708764.381002383,1000000,0,6344.9490796464,7.09E+008,7.09E+008,1.50E+004,0,15000,0,4472.8252274026,7.17E+003,6.34E+003,284181.899183365,105.8088495515,7454.7087123376
4.5005357361,702.2821471464,702275.168121916,1000000,0,6971.0055513891,7.02E+008,7.02E+008,1.50E+004,0,15000,0,5298.8171724692,7.76E+003,6.97E+003,290051.544179533,106.7870583689,8831.3619541154
5.2795814805,696.2730955402,696265.504398146,1000000,0,7583.7351471549,6.96E+008,6.96E+008,1.50E+004,0,15000,0,6046.3066874034,8.38E+003,7.58E+003,295454.487359147,107.7092952316,10077.1778123391
6.1792085805,689.9361707154,689927.844996257,1000000,0,8319.0467464993,6.90E+008,6.90E+008,1.50E+004,0,15000,0,6852.8888434818,9.17E+003,8.32E+003,301063.172086516,108.6993944953,11421.481405803
7.360192177,682.680553254,682671.137604479,1000000,0,9410.0671090488,6.83E+008,6.83E+008,1.50E+004,0,15000,0,7898.2902337999,1.04E+004,9.41E+003,307236.114733171,109.8559730513,13163.8170563331
8.4779516381,677.1297263604,677119.020841,1000000,0,10701.2269499649,6.77E+008,6.77E+008,1.50E+004,0,15000,0,8973.455857199,1.20E+004,1.07E+004,311502.622482529,110.7581951084,14955.7597619983
9.342814558,673.9605201779,673948.495365452,1000000,0,12021.8395438893,6.74E+008,6.74E+008,1.50E+004,0,15000,0,9950.3977096382,1.38E+004,1.20E+004,313355.704570254,111.2808085599,16583.9961827303
10.041518599,672.3598116233,672346.349615672,1000000,0,13460.4722909021,6.72E+008,6.72E+008,1.50E+004,0,15000,0,10910.5978885356,1.59E+004,1.35E+004,313520.818281496,111.5477308598,18184.329814226
10.6520146615,671.9239414394,671908.736506443,1000000,0,15205.141294826,6.72E+008,6.72E+008,1.50E+004,0,15000,0,11961.0007750133,1.86E+004,1.52E+004,312214.198256873,111.6225242926,19935.0012916888
11.1095374512,672.4158866776,672398.84837287,1000000,0,17040.3474042886,6.72E+008,6.72E+008,1.50E+004,0,15000,0,12958.0459976622,2.18E+004,1.70E+004,309888.388335727,111.5434115329,21596.743329437
11.5064596855,673.6449188404,673625.64312289,1000000,0,19279.999308933,6.74E+008,6.74E+008,1.50E+004,0,15000,0,14055.9188375485,2.60E+004,1.93E+004,306420.712648865,111.3429887486,23426.5313959142
11.8427813642,675.5145954676,675492.600755741,1000000,0,22001.7151487659,6.76E+008,6.75E+008,1.50E+004,0,15000,0,15252.3433729487,3.17E+004,2.20E+004,301830.16949952,111.038507639,25420.5722882479
12.1074256781,677.7502683064,677725.208984866,1000000,0,25069.3930662799,6.78E+008,6.78E+008,1.50E+004,0,15000,0,16461.3045762447,3.89E+004,2.51E+004,296527.647680016,110.6763196724,27435.5076270745
12.3541506508,680.7136890747,680684.484780495,1000000,0,29218.5166608034,6.81E+008,6.81E+008,1.50E+004,0,15000,0,17919.5637113567,4.97E+004,2.92E+004,289416.284869055,110.1999256317,29865.9395189278
12.5364205189,683.6872821586,683653.646357023,1000000,0,33654.4632847254,6.84E+008,6.84E+008,1.50E+004,0,15000,0,19310.790243793,6.26E+004,3.37E+004,282008.203075523,109.726309404,32184.6504063216
12.7186903869,687.6388411901,687598.743139847,1000000,0,40123.1878082819,6.88E+008,6.88E+008,1.50E+004,0,15000,0,21115.1212103472,8.36E+004,4.01E+004,271590.430210123,109.1038539003,35191.8686839119
12.8628479061,691.7752827196,691727.612768529,1000000,0,47702.679279167,6.92E+008,6.92E+008,1.50E+004,0,15000,0,22988.8945450054,1.11E+005,4.77E+004,259877.932669031,108.4607178909,38314.8242416756
12.997477338,696.8406061218,696782.465318254,1000000,0,58184.0328145299,6.97E+008,6.97E+008,1.50E+004,0,15000,0,25291.4196358038,1.53E+005,5.82E+004,244336.661260542,107.684747691,42152.366059673
13.1174147575,702.8107785555,702738.643389258,1000000,0,72192.4350859202,7.03E+008,7.03E+008,1.50E+004,0,15000,0,28034.7863470934,2.15E+005,7.22E+004,224366.11074571,106.786074294,46724.6439118223
13.2101452045,708.8071573803,708719.433282492,1000000,0,87797.0081857568,7.09E+008,7.09E+008,1.50E+004,0,15000,0,30827.757665682,2.85E+005,8.78E+004,202774.751373805,105.8999968938,51379.5961094699
13.2821998358,714.6186915297,714514.884759617,1000000,0,103895.814610271,7.15E+008,7.15E+008,1.50E+004,0,15000,0,33567.5982309022,3.55E+005,1.04E+005,180874.681938019,105.0560649217,55945.9970515036
13.3542544671,721.7349704289,721611.13799505,1000000,0,123941.554450505,7.22E+008,7.22E+008,1.50E+004,0,15000,0,36956.8337228248,4.28E+005,1.24E+005,153725.572583453,104.0409449706,61594.7228713746
13.4187839934,729.4331547106,729288.71777854,1000000,0,144566.680199955,7.29E+008,7.29E+008,1.50E+004,0,15000,0,40649.1693301666,4.74E+005,1.45E+005,125415.168866229,102.9633092844,67748.6155502777
13.4720258621,736.8053180084,736643.56247389,1000000,0,161902.584773342,7.37E+008,7.37E+008,1.50E+004,0,15000,0,44192.3246512971,4.77E+005,1.62E+005,100717.047434194,101.9493101182,73653.8744188286
13.5252677308,745.0580628774,744880.837802175,1000000,0,177387.538270185,7.45E+008,7.45E+008,1.50E+004,0,15000,0,48145.5982603498,4.37E+005,1.77E+005,76986.5658641954,100.8334101799,80242.6637672496
13.5785095995,754.0359561925,753847.086703744,1000000,0,189043.509655606,7.54E+008,7.54E+008,1.50E+004,0,15000,0,52405.2028389065,3.64E+005,1.89E+005,56355.367683891,99.6414573741,87342.0047315108
13.6317514682,763.5014223761,763305.762102348,1000000,0,195840.992310911,7.64E+008,7.63E+008,1.50E+004,0,15000,0,56821.574033051,2.77E+005,1.96E+005,40089.7441637992,98.4093325402,94702.6233884183
13.6903396199,774.17381562,773976.029936797,1000000,0,197968.440908586,7.74E+008,7.74E+008,1.50E+004,0,15000,0,61675.2109571643,1.93E+005,1.98E+005,27281.3553384331,97.0507097564,102792.01826194
13.7489175736,784.8304893709,784634.899883832,1000000,0,195769.988849424,7.85E+008,7.85E+008,1.50E+004,0,15000,0,66354.2999127494,1.30E+005,1.96E+005,18810.2807768107,95.7269546193,110590.499854582
13.8074955274,795.2660618079,795075.500500885,1000000,0,190736.744645669,7.95E+008,7.95E+008,1.50E+004,0,15000,0,70742.6520898754,8.79E+004,1.91E+005,13392.4887910758,94.4626603021,117904.420149792
13.8660734811,805.3524826487,805168.596166396,1000000,0,184055.226143836,8.05E+008,8.05E+008,1.50E+004,0,15000,0,74774.1510169668,6.10E+004,1.84E+005,9970.8252065578,93.2705338742,124623.585028278
13.9442988114,818.1610725058,817987.324379703,1000000,0,173906.722342707,8.18E+008,8.18E+008,1.50E+004,0,15000,0,79553.5403964192,3.98E+004,1.74E+005,7287.792204523,91.7981729789,132589.233994032
14.0256754457,830.6203883914,830457.630500209,1000000,0,162905.49792711,8.31E+008,8.30E+008,1.50E+004,0,15000,0,83785.7929781277,2.78E+004,1.63E+005,5806.2511837281,90.4092366685,139642.988296879
14.1070520799,842.1892123274,842037.288360939,1000000,0,152060.744996936,8.42E+008,8.42E+008,1.50E+004,0,15000,0,87294.2429281959,2.12E+004,1.52E+005,5059.7774292356,89.1564284391,145490.404880326
14.1884287142,852.8937804302,852752.24673736,1000000,0,141660.089056853,8.53E+008,8.53E+008,1.50E+004,0,15000,0,90128.6546535636,1.72E+004,1.42E+005,4734.7704247939,88.0276739178,150214.424422606
14.2698053485,862.7760477184,862644.338258875,1000000,0,131826.040082243,8.63E+008,8.63E+008,1.50E+004,0,15000,0,92345.700110386,1.47E+004,1.32E+005,4666.8456106014,87.0107049867,153909.500183977
14.3511819827,871.8841519895,871761.659730191,1000000,0,122599.631402347,8.72E+008,8.72E+008,1.50E+004,0,15000,0,94003.0063973324,1.30E+004,1.23E+005,4766.8247149105,86.0940161379,156671.677328887
14.432558617,880.2676921335,880153.80948802,1000000,0,113981.416315174,8.80E+008,8.80E+008,1.50E+004,0,15000,0,95156.3262180808,1.17E+004,1.14E+005,4984.5065041083,85.2671854333,158593.877030135
14.5139352512,887.975383429,887869.522252548,1000000,0,105951.933861403,8.88E+008,8.88E+008,1.50E+004,0,15000,0,95858.2447330095,1.08E+004,1.06E+005,5290.5685020563,84.5209222536,159763.741221683
14.6372687091,898.4722670803,898377.507934479,1000000,0,94838.8124145273,8.98E+008,8.98E+008,1.50E+004,0,15000,0,96169.6809335535,9.63E+003,9.48E+004,5885.2073833519,83.5253913512,160282.801555923
14.7606021669,907.6744693296,907589.643977999,1000000,0,84895.0944291756,9.08E+008,9.08E+008,1.50E+004,0,15000,0,95709.1477780088,8.69E+003,8.49E+004,6607.5871229359,82.6717437012,159515.246296681
14.9097116076,917.2652091397,917191.000762888,1000000,0,74267.5134186576,9.17E+008,9.17E+008,1.50E+004,0,15000,0,94311.8924630281,7.71E+003,7.43E+004,7624.2206087517,81.8003903213,157186.48743838
15.0974850229,927.2620960756,927199.369370378,1000000,0,62774.3716198355,9.27E+008,9.27E+008,1.50E+004,0,15000,0,91535.0626802435,6.62E+003,6.28E+004,9098.9969131457,80.9113652702,152558.437800406
15.3230874858,936.6814824357,936630.208767272,1000000,0,51309.8931861826,9.37E+008,9.37E+008,1.50E+004,0,15000,0,87127.3752706488,5.47E+003,5.13E+004,11123.216563546,80.0909668716,145212.292117748
15.6054335204,945.2302978714,945190.44989569,1000000,0,39872.7859838056,9.45E+008,9.45E+008,1.50E+004,0,15000,0,80592.0586054459,4.26E+003,3.99E+004,13991.5338220632,79.3602103678,134320.097675743
15.9748380769,952.2153053303,952186.659433827,1000000,0,28659.5155854212,9.52E+008,9.52E+008,1.50E+004,0,15000,0,71280.5931780569,3.02E+003,2.87E+004,18201.6096748562,78.7720558994,118800.988630095
16.4022816482,955.9695071523,955949.965387939,1000000,0,19546.2882637459,9.56E+008,9.56E+008,1.50E+004,0,15000,0,60498.85986406,2.04E+003,1.95E+004,23547.7768406014,78.4579780879,100831.433106767
16.8297252194,956.4942250567,956480.883040921,1000000,0,13340.3461021382,9.56E+008,9.56E+008,1.50E+004,0,15000,0,50457.5939419877,1.46E+003,1.33E+004,29222.2766313147,78.4117564062,84095.9899033129
17.2571687906,954.826879954,954817.728089674,1000000,0,9146.0086978832,9.55E+008,9.55E+008,1.50E+004,0,15000,0,41535.0899759874,1.16E+003,9.15E+003,35081.4363319155,78.5465225159,69225.1499599789
17.6846123619,951.6850300307,951678.680283756,1000000,0,6341.092070204,9.52E+008,9.52E+008,1.50E+004,0,15000,0,33855.7669407584,1.04E+003,6.34E+003,41028.542615438,78.8043615202,56426.2782345974
18.1120559331,947.5629780557,947558.477642957,1000000,0,4489.9105489326,9.48E+008,9.48E+008,1.50E+004,0,15000,0,27398.4130923952,1.02E+003,4.49E+003,47004.0488294911,79.146169198,45664.0218206587
18.5394995044,942.7987439363,942795.444190045,1000000,0,3288.0447383987,9.43E+008,9.43E+008,1.50E+004,0,15000,0,22064.3774752374,1.06E+003,3.29E+003,52973.7123270588,79.5454312783,36773.9624587291
18.9669430756,937.6215461244,937619.009087007,1000000,0,2524.5740947853,9.38E+008,9.38E+008,1.50E+004,0,15000,0,17720.0826529783,1.13E+003,2.52E+003,58918.7952715234,79.9841810643,29533.4710882971
19.3943866468,932.1855948421,932183.526986009,1000000,0,2054.924181365,9.32E+008,9.32E+008,1.50E+004,0,15000,0,14222.7133194802,1.22E+003,2.05E+003,64829.3632372143,80.4502768762,23704.5221991336
19.8218302181,926.5939461939,926592.151946809,1000000,0,1781.0419808235,9.27E+008,9.27E+008,1.50E+004,0,15000,0,11434.8591701931,1.31E+003,1.78E+003,70700.2121256095,80.9355387836,19058.0986169885
20.2492737893,920.9151170112,920913.466628105,1000000,0,1637.0344267061,9.21E+008,9.21E+008,1.50E+004,0,15000,0,9232.0332806758,1.41E+003,1.64E+003,76528.5838276123,81.4344694834,15386.7221344597
20.6767173605,915.1944968926,915192.904540478,1000000,0,1578.9455682249,9.15E+008,9.15E+008,1.50E+004,0,15000,0,7505.7509596499,1.52E+003,1.58E+003,82312.9553938373,81.9433792507,12509.5849327499
21.1041609318,909.4620902863,909460.499261558,1000000,0,1577.6170406146,9.09E+008,9.09E+008,1.50E+004,0,15000,0,6163.9809656734,1.62E+003,1.58E+003,88052.4216069763,82.4597908292,10273.3016094556
21.531604503,903.7377165267,903736.089369603,1000000,0,1613.7855734608,9.04E+008,9.04E+008,1.50E+004,0,15000,0,5130.1574485347,1.73E+003,1.61E+003,93746.3873398408,82.982037133,8550.2624142245
22.1531794067,895.4536884215,895451.966868044,1000000,0,1708.2764155839,8.95E+008,8.95E+008,1.50E+004,0,15000,0,4050.1428544517,1.89E+003,1.71E+003,101944.30302738,83.7496531301,6750.2380907529
22.7963244584,886.9547308044,886952.880817368,1000000,0,1836.8384940993,8.87E+008,8.87E+008,1.50E+004,0,15000,0,3321.6830122176,2.05E+003,1.84E+003,110323.325957165,84.5521050965,5536.138353696
23.4394695102,878.5445131707,878542.517416193,1000000,0,1982.7517757596,8.79E+008,8.79E+008,1.50E+004,0,15000,0,2870.8241505082,2.22E+003,1.98E+003,118596.186294314,85.3614730177,4784.7069175137
24.0826145619,870.2315119959,870229.360623567,1000000,0,2138.5252426047,8.70E+008,8.70E+008,1.50E+004,0,15000,0,2612.8433839563,2.39E+003,2.14E+003,126761.882621285,86.1768661745,4354.7389732605
24.7257596137,862.0206662565,862018.353317393,1000000,0,2300.2536270253,8.62E+008,8.62E+008,1.50E+004,0,15000,0,2488.4138949408,2.56E+003,2.30E+003,134819.372388782,86.9976823682,4147.356491568
25,858.5513902559,858549.00714598,1000000,0,2370.4945974421,8.59E+008,8.59E+008,1.50E+004,0,15000,0,2465.3324598328,0.00E+000,2.37E+003,0,87.349216086,4108.8874330547
25,858.5513902559,858549.007145979,1000000,0,2370.4945974419,8.59E+008,8.59E+008,1.50E+004,0,15000,0,2465.3324598328,3.07E-011,2.37E+003,1.61E-009,87.349216086,4108.8874330547
25.0000004603,858.551384449,858549.001339307,1000000,0,2370.4935063587,8.59E+008,8.59E+008,1.50E+004,0,15000,0,2465.3324336415,1.31E-004,2.37E+003,0.006903563,87.3492166767,4108.8873894025
25.0006803476,858.5428051048,858540.423602743,1000000,0,2368.8824517026,8.59E+008,8.59E+008,1.50E+004,0,15000,0,2465.2934250794,1.94E-001,2.37E+003,10.2042741279,87.3500892841,4108.8223751323
25.0206857763,858.289875543,858287.540853408,1000000,0,2322.0232568296,8.58E+008,8.58E+008,1.50E+004,0,15000,0,2463.8619447214,5.88E+000,2.32E+003,310.1991478973,87.375801244,4106.4365745357
25.0934596118,857.3621417985,857359.968784723,1000000,0,2160.1859690704,8.57E+008,8.57E+008,1.50E+004,0,15000,0,2454.2722992628,2.64E+001,2.16E+003,1400.5362380882,87.4702198553,4090.4538321047
25.3153320055,854.4677493944,854465.994221975,1000000,0,1741.9273243699,8.54E+008,8.54E+008,1.50E+004,0,15000,0,2389.8690545347,8.75E+001,1.74E+003,4715.6638379455,87.7661665259,3983.1150908912
25.6750759492,849.6097354053,849608.464133905,1000000,0,1257.54302214,8.50E+008,8.50E+008,1.50E+004,0,15000,0,2212.0010470217,1.84E+002,1.26E+003,10062.436242237,88.2675691595,3686.6684117029
26.0441129471,844.4807592199,844479.802912907,1000000,0,942.2641494546,8.44E+008,8.44E+008,1.50E+004,0,15000,0,1987.4485167662,2.82E+002,9.42E+002,15511.5053120964,88.8033319993,3312.4141946103
26.413149945,839.2606129851,839259.844431315,1000000,0,754.3234814539,8.39E+008,8.39E+008,1.50E+004,0,15000,0,1758.7660654669,3.79E+002,7.54E+002,20924.6246079202,89.3554338044,2931.2767757782
26.7821869428,833.9884799071,833987.811301582,1000000,0,654.2755132004,8.34E+008,8.34E+008,1.50E+004,0,15000,0,1547.7634325372,4.75E+002,6.54E+002,26301.977838979,89.9201115133,2579.6057208954
27.1512239407,828.6914019703,828690.772729884,1000000,0,614.8711714795,8.29E+008,8.29E+008,1.50E+004,0,15000,0,1365.4146550001,5.72E+002,6.15E+002,31643.7178303343,90.4947400527,2275.6910916668
27.5202609385,823.3880306915,823387.399049764,1000000,0,617.2749747126,8.23E+008,8.23E+008,1.50E+004,0,15000,0,1216.0194317346,6.68E+002,6.17E+002,36949.9910785018,91.077487748,2026.6990528909
27.8892979364,818.0912182274,818090.555421218,1000000,0,648.4706580768,8.18E+008,8.18E+008,1.50E+004,0,15000,0,1099.9168221308,7.63E+002,6.48E+002,42220.9358361477,91.6670768506,1833.1947035513
28.2583349343,812.8098104235,812809.09666871,1000000,0,699.4702847843,8.13E+008,8.13E+008,1.50E+004,0,15000,0,1015.2324470818,8.58E+002,6.99E+002,47456.6763697528,92.2626164145,1692.0540784697
28.794518753,805.1757735029,805174.962707337,1000000,0,796.60823996,8.05E+008,8.05E+008,1.50E+004,0,15000,0,941.9486108538,9.96E+002,7.97E+002,55001.3064128581,93.1372669792,1569.9143514231
29.3492744408,797.3373795097,797336.450716317,1000000,0,914.7240908254,7.97E+008,7.97E+008,1.50E+004,0,15000,0,918.1328603979,1.14E+003,9.15E+002,62729.5409470064,94.0527713424,1530.2214339966
29.9040301286,789.5675650824,789566.508079184,1000000,0,1043.0621223386,7.90E+008,7.90E+008,1.50E+004,0,15000,0,936.1643245537,1.28E+003,1.04E+003,70378.915367051,94.9782128372,1560.2738742561
30.543216305,780.7057869615,780704.57522424,1000000,0,1197.9509283089,7.81E+008,7.81E+008,1.50E+004,0,15000,0,996.3121775999,1.44E+003,1.20E+003,79094.8211941448,96.0562061273,1660.5202959999
31.3794069549,769.264572065,769263.152029908,1000000,0,1406.4571344349,7.69E+008,7.69E+008,1.50E+004,0,15000,0,1120.2625811936,1.66E+003,1.41E+003,90339.1793972544,97.4847127918,1867.1043019893
32.2155976048,757.9991261098,757997.494396657,1000000,0,1618.346826991,7.58E+008,7.58E+008,1.50E+004,0,15000,0,1278.366407936,1.87E+003,1.62E+003,101404.212783893,98.9334114157,2130.6106798933
33.2198061975,744.705346068,744703.457531121,1000000,0,1875.4274217819,7.45E+008,7.45E+008,1.50E+004,0,15000,0,1496.120317912,2.13E+003,1.88E+003,114454.462834668,100.6993275807,2493.5338631866
34.4760417044,728.4404091871,728438.195857366,1000000,0,2200.5451414695,7.28E+008,7.28E+008,1.50E+004,0,15000,0,1793.5113925899,2.46E+003,2.20E+003,130410.871725614,102.9476037117,2989.1856543166
35.7322772112,712.5863879111,712583.845020404,1000000,0,2530.4356694474,7.13E+008,7.13E+008,1.50E+004,0,15000,0,2106.9415833549,2.80E+003,2.53E+003,145951.186055854,105.2378665794,3511.5693055914
36.9885127181,697.1502380339,697147.359196661,1000000,0,2866.7181967051,6.97E+008,6.97E+008,1.50E+004,0,15000,0,2430.9080176763,3.14E+003,2.87E+003,161066.825502197,107.5678620639,4051.5133627938
38.8898773788,674.6031920842,674599.788101469,1000000,0,3392.3889370335,6.75E+008,6.75E+008,1.50E+004,0,15000,0,2938.292686925,3.68E+003,3.39E+003,183111.272902996,111.1628693748,4897.1544782084
40.7912420395,653.0795475024,653075.590702056,1000000,0,3945.7593568204,6.53E+008,6.53E+008,1.50E+004,0,15000,0,3468.7712560319,4.25E+003,3.95E+003,204103.623527196,114.8263615701,5781.2854267199
42.6926067002,632.6417611989,632637.213029422,1000000,0,4537.7199669364,6.33E+008,6.33E+008,1.50E+004,0,15000,0,4029.6994017669,4.86E+003,4.54E+003,223970.478376028,118.5358824404,6716.1656696115
44.5939713609,613.3764878949,613371.29487672,1000000,0,5183.2134613168,6.13E+008,6.13E+008,1.50E+004,0,15000,0,4632.3558874943,5.54E+003,5.18E+003,242610.168307648,122.2591086871,7720.5931458238
46.4953360217,595.4047682879,595398.855030733,1000000,0,5904.1727093341,5.95E+008,5.95E+008,1.50E+004,0,15000,0,5293.1099957969,6.31E+003,5.90E+003,259879.620625246,125.9498389845,8821.8499929948
48.3967006824,578.9002101899,578893.466530695,1000000,0,6735.405199059,5.79E+008,5.79E+008,1.50E+004,0,15000,0,6036.8446857667,7.21E+003,6.74E+003,275570.281193679,129.5415586391,10061.4078096111
50.2980653431,564.1241934944,564116.448439638,1000000,0,7737.8021416362,5.64E+008,5.64E+008,1.50E+004,0,15000,0,6904.6119544338,8.33E+003,7.74E+003,289359.678359028,132.9361155044,11507.686590723
51.3737494485,556.6807186091,556672.289925166,1000000,0,8422.1148744221,5.57E+008,5.57E+008,1.50E+004,0,15000,0,7476.7018479721,9.11E+003,8.42E+003,296126.967615624,134.7148873715,12461.1697466201
52.3180899487,550.8012036644,550792.069347933,1000000,0,9128.4530423173,5.51E+008,5.51E+008,1.50E+004,0,15000,0,8048.5080579201,9.94E+003,9.13E+003,301306.729539911,136.1543645149,13414.1800965334
53.2624304488,545.6516143366,545641.630341223,1000000,0,9978.9815894994,5.46E+008,5.46E+008,1.50E+004,0,15000,0,8710.5858974065,1.10E+004,9.98E+003,305611.789588766,137.4412610875,14517.6431623442
54.2067709489,541.4008276857,541389.772713277,1000000,0,11051.0296695662,5.41E+008,5.41E+008,1.50E+004,0,15000,0,9502.8754907242,1.23E+004,1.11E+004,308795.849923273,138.523007886,15838.1258178737
55.1009712989,538.4479692866,538435.561894132,1000000,0,12404.8023451152,5.38E+008,5.38E+008,1.50E+004,0,15000,0,10436.8906463131,1.42E+004,1.24E+004,310399.240925216,139.2861687608,17394.8177438551
55.794611048,537.1254035514,537111.552885207,1000000,0,13849.5195771645,5.37E+008,5.37E+008,1.50E+004,0,15000,0,11356.7079574237,1.63E+004,1.38E+004,310279.855267808,139.6329620011,18927.8465957062
56.3615673335,536.9127799234,536897.296984693,1000000,0,15483.4249218225,5.37E+008,5.37E+008,1.50E+004,0,15000,0,12311.4688525208,1.89E+004,1.55E+004,308860.41844728,139.6926145848,20519.1147542014
56.8604921536,537.6319631276,537614.447155098,1000000,0,17518.4927592844,5.38E+008,5.38E+008,1.50E+004,0,15000,0,13392.4179581668,2.24E+004,1.75E+004,306107.481256264,139.5111416412,22320.6965969446
57.2357700038,538.9631380172,538943.446521282,1000000,0,19696.1930619228,5.39E+008,5.39E+008,1.50E+004,0,15000,0,14439.6488502166,2.66E+004,1.97E+004,302599.450412574,139.1722559438,24066.0814170277
57.5703666172,540.9692286765,540946.772848477,1000000,0,22463.2918842287,5.41E+008,5.41E+008,1.50E+004,0,15000,0,15640.3590398836,3.24E+004,2.25E+004,297827.019172454,138.6632533596,26067.2650664727
57.8439413752,543.4308715428,543405.152009974,1000000,0,25730.2640096294,5.43E+008,5.43E+008,1.50E+004,0,15000,0,16912.2010692467,4.01E+004,2.57E+004,292099.206242722,138.0433209112,28187.0017820778
58.0736427506,546.3227641162,546293.090304583,1000000,0,29688.5024370027,5.46E+008,5.46E+008,1.50E+004,0,15000,0,18292.5349934263,5.04E+004,2.97E+004,285250.137628198,137.3222801162,30487.5583223772
58.2740952043,549.7394797633,549704.786639449,1000000,0,34712.8424339141,5.50E+008,5.50E+008,1.50E+004,0,15000,0,19856.2297617751,6.50E+004,3.47E+004,276810.684580782,136.4807482896,33093.7162696251
58.4479800673,553.6901191963,553649.01864937,1000000,0,41126.6859173567,5.54E+008,5.54E+008,1.50E+004,0,15000,0,21630.6851482773,8.59E+004,4.11E+004,266448.658447995,135.52174003,36051.1419137954
58.5952973395,558.0939751162,558044.868999943,1000000,0,49140.2800939086,5.58E+008,5.58E+008,1.50E+004,0,15000,0,23602.168449591,1.15E+005,4.91E+004,254034.810064957,134.470247928,39336.947415985
58.7426146117,563.9569910291,563895.751651542,1000000,0,61285.7086774744,5.64E+008,5.64E+008,1.50E+004,0,15000,0,26246.0025199162,1.64E+005,6.13E+004,236032.635813885,133.0983409347,43743.3375331936
58.8569305706,570.0167375036,569941.286150925,1000000,0,75511.9399768098,5.70E+008,5.70E+008,1.50E+004,0,15000,0,29015.9162493534,2.25E+005,7.55E+004,215754.810268683,131.7126589156,48359.8604155889
58.9427264339,575.8253380132,575734.981453332,1000000,0,90432.0996865961,5.76E+008,5.76E+008,1.50E+004,0,15000,0,31708.2918880605,2.91E+005,9.04E+004,195035.146655971,130.4134676743,52847.1531467675
59.0198352543,582.2986797014,582190.85957043,1000000,0,107913.18447227,5.82E+008,5.82E+008,1.50E+004,0,15000,0,34745.8481075829,3.62E+005,1.08E+005,171091.710411506,128.9967228748,57909.7468459716
59.0969440746,590.2801451776,590150.858337043,1000000,0,129401.402919936,5.90E+008,5.90E+008,1.50E+004,0,15000,0,38529.7438752298,4.29E+005,1.29E+005,141635.511731751,127.2910104414,64216.2397920497
59.1570615837,597.7203545882,597572.58189807,1000000,0,147905.744764826,5.98E+008,5.98E+008,1.50E+004,0,15000,0,42077.0925012832,4.58E+005,1.48E+005,115702.006116428,125.7377185269,70128.4875021386
59.212931265,605.626867538,605462.409548966,1000000,0,164607.6978131,6.06E+008,6.05E+008,1.50E+004,0,15000,0,45847.0556300002,4.46E+005,1.65E+005,91102.3189043125,124.1221973397,76411.7593833337
59.2688009463,614.3977935889,614219.332327954,1000000,0,178624.904627442,6.14E+008,6.14E+008,1.50E+004,0,15000,0,50004.7142374903,3.94E+005,1.79E+005,68319.4183849303,122.369390143,83341.1903958171
59.3246706276,623.8288755344,623640.826539498,1000000,0,188222.13734872,6.24E+008,6.24E+008,1.50E+004,0,15000,0,54417.476437056,3.15E+005,1.88E+005,49291.2603701578,120.5290540808,90695.79406176
59.3805403089,633.6516121307,633458.93265028,1000000,0,192857.167467601,6.34E+008,6.33E+008,1.50E+004,0,15000,0,58918.578285899,2.34E+005,1.93E+005,34828.3014038964,118.6607860068,98197.6304764983
59.4364099902,643.6024196186,643409.465833504,1000000,0,193131.678867978,6.44E+008,6.43E+008,1.50E+004,0,15000,0,63349.0929887632,1.66E+005,1.93E+005,24593.3060128074,116.8188548209,105581.821647939
59.4922796715,653.4697077956,653279.706252838,1000000,0,190176.438542349,6.53E+008,6.53E+008,1.50E+004,0,15000,0,67585.7879437009,1.15E+005,1.90E+005,17668.4386309247,115.0428730052,112642.979906168
59.5481493528,663.1062975314,662921.362464576,1000000,0,185104.868600259,6.63E+008,6.63E+008,1.50E+004,0,15000,0,71547.5545673431,8.10E+004,1.85E+005,13088.7157715393,113.3565714208,119245.924278905
59.6040190341,672.4203155786,672241.700402524,1000000,0,178778.643356416,6.72E+008,6.72E+008,1.50E+004,0,15000,0,75188.7565190221,5.82E+004,1.79E+005,10085.2890593854,111.77116405,125314.59419837
59.6794444998,684.3953843105,684226.276785095,1000000,0,169261.478146837,6.84E+008,6.84E+008,1.50E+004,0,15000,0,79562.669400385,3.94E+004,1.69E+005,7605.9028176671,109.7952623113,132604.449000642
59.7504242194,694.9940056758,694834.177745492,1000000,0,159972.604638706,6.95E+008,6.95E+008,1.50E+004,0,15000,0,83107.7705916558,2.90E+004,1.60E+005,6276.2767440346,108.1030974688,138512.950986093
59.8214039391,704.9354016096,704784.77310609,1000000,0,150763.983382751,7.05E+008,7.05E+008,1.50E+004,0,15000,0,86118.4973845358,2.27E+004,1.51E+005,5524.361243458,106.5623135833,143530.828974226
59.8923836587,714.2334983315,714091.784969399,1000000,0,141839.933579032,7.14E+008,7.14E+008,1.50E+004,0,15000,0,88625.2357941391,1.87E+004,1.42E+005,5132.1010871475,105.1603817652,147708.726323565
59.9633633783,722.9126114203,722779.427260523,1000000,0,133302.209596486,7.23E+008,7.23E+008,1.50E+004,0,15000,0,90663.2589403303,1.60E+004,1.33E+005,4973.5036654813,103.8846729371,151105.431567217
60.034343098,731.0020153203,730876.929224789,1000000,0,125196.055030439,7.31E+008,7.31E+008,1.50E+004,0,15000,0,92269.3094894872,1.41E+004,1.25E+005,4974.0668633622,102.7232477771,153782.182482479
60.1053228176,738.5329451283,738415.512009057,1000000,0,117535.433405467,7.39E+008,7.38E+008,1.50E+004,0,15000,0,93479.764186534,1.27E+004,1.18E+005,5088.5747742594,101.6651621159,155799.606977557
60.1946376982,747.2643391503,747155.909732141,1000000,0,108522.737947082,7.47E+008,7.47E+008,1.50E+004,0,15000,0,94494.7204313651,1.14E+004,1.09E+005,5352.1411155397,100.4654480462,157491.200718942
60.3022877396,756.7660810075,756667.614064354,1000000,0,98550.3108411165,7.57E+008,7.57E+008,1.50E+004,0,15000,0,95051.9857438868,1.02E+004,9.86E+004,5803.3621474363,99.1917275724,158419.976239811
60.409937781,765.2459909341,765156.577846599,1000000,0,89487.4108928087,7.65E+008,7.65E+008,1.50E+004,0,15000,0,94979.7657076783,9.29E+003,8.95E+004,6368.8184035731,98.0819997041,158299.609512797
60.5553094776,775.2406067027,775162.109374312,1000000,0,78560.7474639022,7.75E+008,7.75E+008,1.50E+004,0,15000,0,94048.0707126568,8.22E+003,7.86E+004,7279.9556890012,96.8055211273,156746.784521095
60.7168475978,784.6122646073,784544.32971889,1000000,0,67987.7560497617,7.85E+008,7.85E+008,1.50E+004,0,15000,0,92109.3596191153,7.19E+003,6.80E+004,8461.355100661,95.6383517208,153515.599365192
60.9196688951,794.1597204927,794103.044033722,1000000,0,56718.0798456732,7.94E+008,7.94E+008,1.50E+004,0,15000,0,88667.1617924754,6.07E+003,5.67E+004,10162.7695340265,94.4776590062,147778.602987459
61.1637733695,802.9176467557,802872.064590849,1000000,0,45612.7027769834,8.03E+008,8.03E+008,1.50E+004,0,15000,0,83511.8849600163,4.90E+003,4.56E+004,12490.368119327,93.436991599,139186.474933361
61.4959082174,811.0250214415,810991.132590113,1000000,0,33907.7078376383,8.11E+008,8.11E+008,1.50E+004,0,15000,0,75519.7967760584,3.61E+003,3.39E+004,16068.1876847118,92.49284884,125866.327960097
61.8657703684,816.1405063301,816116.156926051,1000000,0,24358.7305950389,8.16E+008,8.16E+008,1.50E+004,0,15000,0,66201.0162829601,2.56E+003,2.44E+004,20487.0251064856,91.9052262376,110335.027138267
62.2356325193,818.2530829732,818235.592165941,1000000,0,17493.2821686544,8.18E+008,8.18E+008,1.50E+004,0,15000,0,57127.6104521188,1.84E+003,1.75E+004,25230.9257163327,91.6624130926,95212.6840868647
62.6054946702,818.2102034189,818197.62438775,1000000,0,12576.5992340445,8.18E+008,8.18E+008,1.50E+004,0,15000,0,48704.9614239116,1.40E+003,1.26E+004,30185.6193086903,91.663285573,81174.9357065193
62.9753568211,816.6280412756,816618.957702828,1000000,0,9077.6491188026,8.17E+008,8.17E+008,1.50E+004,0,15000,0,41133.8199187542,1.16E+003,9.08E+003,35264.8182710018,91.8380604529,68556.3665312569
63.3452189721,813.9545298973,813947.913646103,1000000,0,6607.862787681,8.14E+008,8.14E+008,1.50E+004,0,15000,0,34484.799194469,1.04E+003,6.61E+003,40408.3221702311,92.137683707,57474.665324115
63.715081123,810.5141354975,810509.243846332,1000000,0,4881.540094105,8.11E+008,8.11E+008,1.50E+004,0,15000,0,28748.2707089983,1.02E+003,4.88E+003,45576.7550579739,92.5273165813,47913.7845149972
64.0849432739,806.5405779554,806536.877666764,1000000,0,3688.9875298247,8.07E+008,8.07E+008,1.50E+004,0,15000,0,23867.8763612572,1.04E+003,3.69E+003,50745.6473593655,92.982106589,39779.7939354287
64.4548054248,802.2011462453,802198.256914889,1000000,0,2877.2193969556,8.02E+008,8.02E+008,1.50E+004,0,15000,0,19762.8666472025,1.09E+003,2.88E+003,55900.375675815,93.4843119289,32938.1110786708
64.8246675758,797.6148425514,797612.494393598,1000000,0,2335.5062553892,7.98E+008,7.98E+008,1.50E+004,0,15000,0,16342.6837364958,1.16E+003,2.34E+003,61032.4376423679,94.0212827219,27237.806227493
65.1945297267,792.8658572868,792863.8599228,1000000,0,1984.3621202242,7.93E+008,7.93E+008,1.50E+004,0,15000,0,13516.1377922448,1.24E+003,1.98E+003,66136.9652335911,94.5840180813,22526.896320408
65.5643918776,788.0134835709,788011.703191668,1000000,0,1767.1607693471,7.88E+008,7.88E+008,1.50E+004,0,15000,0,11196.847248014,1.32E+003,1.77E+003,71211.1756893169,95.1661270775,18661.4120800233
65.9342540285,783.0993339518,783097.676787481,1000000,0,1643.8228845423,7.83E+008,7.83E+008,1.50E+004,0,15000,0,9306.1496216402,1.41E+003,1.64E+003,76253.4541279287,95.7630798888,15510.2493694002
66.3041161795,778.1525394828,778150.939953396,1000000,0,1586.1305434072,7.78E+008,7.78E+008,1.50E+004,0,15000,0,7774.3512537414,1.50E+003,1.59E+003,81262.8300976079,96.3716694574,12957.252089569
66.8610274643,770.6855559631,770683.961361521,1000000,0,1581.1979279679,7.71E+008,7.71E+008,1.50E+004,0,15000,0,6013.9766297196,1.64E+003,1.58E+003,88742.2082884375,97.3051780027,10023.2943828659
67.4179387491,763.2345184041,763232.86737522,1000000,0,1637.6817239173,7.63E+008,7.63E+008,1.50E+004,0,15000,0,4762.2215361885,1.78E+003,1.64E+003,96144.2695163511,98.2549537387,7937.0358936475
67.974850034,755.8258235056,755824.080196025,1000000,0,1730.0548193165,7.56E+008,7.56E+008,1.50E+004,0,15000,0,3887.9035969188,1.92E+003,1.73E+003,103468.092295047,99.2179307365,6479.8393281981
68.5317613188,748.4749406811,748473.083987143,1000000,0,1843.5526558731,7.48E+008,7.48E+008,1.50E+004,0,15000,0,3291.6021573111,2.06E+003,1.84E+003,110712.941550198,100.1922539595,5486.0035955184
69.0886726036,741.1910281334,741189.045455553,1000000,0,1969.6625682732,7.41E+008,7.41E+008,1.50E+004,0,15000,0,2898.9603150815,2.20E+003,1.97E+003,117878.154081925,101.1767753234,4831.6005251358
69.8705780194,731.0875650436,731085.393139988,1000000,0,2159.0775545465,7.31E+008,7.31E+008,1.50E+004,0,15000,0,2588.8613755756,2.41E+003,2.16E+003,127802.494874323,102.5748889358,4314.7689592927
70.7087319679,720.4257540444,720423.370047401,1000000,0,2371.3830568739,7.20E+008,7.20E+008,1.50E+004,0,15000,0,2464.2208731787,2.63E+003,2.37E+003,138262.874275574,104.0928029705,4107.0347886311
71.5468859164,709.944390559,709941.788502173,1000000,0,2589.6609709011,7.10E+008,7.10E+008,1.50E+004,0,15000,0,2474.0997299189,2.85E+003,2.59E+003,148536.659270271,105.6294759202,4123.4995498648
72.3850398649,699.6477909888,699644.96627385,1000000,0,2812.541786447,7.00E+008,7.00E+008,1.50E+004,0,15000,0,2567.3495157418,3.08E+003,2.81E+003,158620.897282608,107.1839000842,4278.9158595696
73.2231938134,689.5396435442,689536.591844264,1000000,0,3039.7537878275,6.90E+008,6.90E+008,1.50E+004,0,15000,0,2712.7575295193,3.31E+003,3.04E+003,168512.167858255,108.7550401701,4521.2625491988
74.1460978622,678.6318494819,678628.542525509,1000000,0,3295.2655140458,6.79E+008,6.79E+008,1.50E+004,0,15000,0,2910.9012311145,3.58E+003,3.30E+003,179175.613244865,110.5029887977,4851.5020518574
75.4080023126,664.1045126657,664100.846327612,1000000,0,3655.0066797273,6.64E+008,6.64E+008,1.50E+004,0,15000,0,3221.8764060262,3.95E+003,3.66E+003,193358.095613903,112.9201492455,5369.7940100437
76.669906763,650.0394929878,650035.452868634,1000000,0,4029.1615041675,6.50E+008,6.50E+008,1.50E+004,0,15000,0,3562.9198254593,4.33E+003,4.03E+003,207063.39926815,115.3633643643,5938.1997090989
77.9955608669,635.7840638076,635779.611817972,1000000,0,4441.4438892327,6.36E+008,6.36E+008,1.50E+004,0,15000,0,3945.6290341467,4.76E+003,4.44E+003,220921.21336293,117.9500196229,6576.0483902445
79.8949618515,616.3466993272,616341.612837976,1000000,0,5076.5780188997,6.16E+008,6.16E+008,1.50E+004,0,15000,0,4535.6219347199,5.43E+003,5.08E+003,239743.51557772,121.6698907811,7559.3698911997
81.7943628361,598.1781573165,598172.365200823,1000000,0,5782.9100745984,5.98E+008,5.98E+008,1.50E+004,0,15000,0,5183.6302468529,6.18E+003,5.78E+003,257224.599701148,125.3657915422,8639.3837447548
83.6937638208,581.441441094,581434.840213075,1000000,0,6592.4840842868,5.81E+008,5.81E+008,1.50E+004,0,15000,0,5910.6647356793,7.05E+003,6.59E+003,273169.287395371,128.9752165533,9851.1078927989
85.5931648054,566.3795325896,566371.964788963,1000000,0,7560.3707338429,5.66E+008,5.66E+008,1.50E+004,0,15000,0,6753.5740251266,8.13E+003,7.56E+003,287279.338078309,132.4064667418,11255.9567085444
87.2880255203,554.6653403076,554656.691271772,1000000,0,8642.6871815,5.55E+008,5.55E+008,1.50E+004,0,15000,0,7657.3775371566,9.37E+003,8.64E+003,297924.009340114,135.2048141991,12762.2958952611
88.6760758305,546.6149357908,546605.136059752,1000000,0,9794.5330124952,5.47E+008,5.47E+008,1.50E+004,0,15000,0,8569.5190474378,1.08E+004,9.79E+003,304831.769125638,137.1986110719,14282.5317457297
89.719824496,541.7577666976,541746.825634046,1000000,0,10937.0069365051,5.42E+008,5.42E+008,1.50E+004,0,15000,0,9420.8551400025,1.22E+004,1.09E+004,308552.462796437,138.4314551447,15701.4252333374
90.6176987222,538.6760257526,538663.767902481,1000000,0,12255.1103946107,5.39E+008,5.39E+008,1.50E+004,0,15000,0,10337.1620034723,1.40E+004,1.23E+004,310320.498810831,139.2268079427,17228.6033391206
91.354144897,537.1766500174,537162.902769682,1000000,0,13745.9977262112,5.37E+008,5.37E+008,1.50E+004,0,15000,0,11293.2799263905,1.61E+004,1.37E+004,310331.975987755,139.6193654663,18822.1332106508
91.9166209524,536.8935753403,536878.250605564,1000000,0,15325.0626487185,5.37E+008,5.37E+008,1.50E+004,0,15000,0,12222.5655783603,1.86E+004,1.53E+004,309037.846304038,139.6971894102,20370.9426306005
92.4157585669,537.5188096588,537501.519577895,1000000,0,17292.3751130033,5.38E+008,5.38E+008,1.50E+004,0,15000,0,13277.5921986791,2.20E+004,1.73E+004,306446.639633124,139.539913603,22129.3203311319
92.8122098502,538.8440061818,538824.49010853,1000000,0,19520.5948807869,5.39E+008,5.39E+008,1.50E+004,0,15000,0,14358.86434085,2.62E+004,1.95E+004,302894.12413819,139.2025691171,23931.4405680833
93.1369150085,540.7087368826,540686.628699598,1000000,0,22115.2989395694,5.41E+008,5.41E+008,1.50E+004,0,15000,0,15496.2534556493,3.16E+004,2.21E+004,298435.416757641,138.729169917,25827.0890927489
93.4308718275,543.2677452088,543242.243189051,1000000,0,25512.5331732869,5.43E+008,5.43E+008,1.50E+004,0,15000,0,16831.5791769334,3.95E+004,2.55E+004,292480.009026151,138.0842299556,28052.6319615556
93.6525239527,545.9844933884,545955.293966038,1000000,0,29213.638080102,5.46E+008,5.46E+008,1.50E+004,0,15000,0,18134.729722431,4.91E+004,2.92E+004,286063.136594174,137.4062084286,30224.549537385
93.866142223,549.539115993,549504.729714813,1000000,0,34405.6893893885,5.50E+008,5.50E+008,1.50E+004,0,15000,0,19765.6054099633,6.41E+004,3.44E+004,277318.094913518,136.529786369,32942.6756832722
94.0283556378,553.1279189066,553087.773352496,1000000,0,40170.7360517771,5.53E+008,5.53E+008,1.50E+004,0,15000,0,21379.0310705993,8.27E+004,4.02E+004,267966.41581053,135.6572989737,35631.7184509988
94.1848574019,557.6644052367,557616.12174337,1000000,0,48316.8324383223,5.58E+008,5.58E+008,1.50E+004,0,15000,0,23409.5556953682,1.12E+005,4.83E+004,255287.434546772,134.5720108001,39015.9261589471
94.341359166,563.7934396421,563732.561250893,1000000,0,60924.3601879652,5.64E+008,5.64E+008,1.50E+004,0,15000,0,26171.7993546322,1.62E+005,6.09E+004,236557.338255197,133.1361873126,43619.6655910537
94.4597201846,570.0471162694,569971.589874154,1000000,0,75587.0578078113,5.70E+008,5.70E+008,1.50E+004,0,15000,0,29029.9025224168,2.26E+005,7.56E+004,215649.358335475,131.7057918047,48383.1708706947
94.542117536,575.6073052119,575517.525328145,1000000,0,89854.845060109,5.76E+008,5.76E+008,1.50E+004,0,15000,0,31606.6143733126,2.88E+005,8.99E+004,195830.075440247,130.4617430953,52677.6906221876
94.6245148875,582.5219053916,582413.477040012,1000000,0,108522.014937707,5.83E+008,5.82E+008,1.50E+004,0,15000,0,34851.1753843326,3.64E+005,1.09E+005,170260.039250613,128.9484207112,58085.292307221
94.7046654486,590.9069787732,590776.057452165,1000000,0,131037.519797941,5.91E+008,5.91E+008,1.50E+004,0,15000,0,38828.1317312904,4.33E+005,1.31E+005,139373.568904845,127.1588342926,64713.5528854841
94.7645948972,598.4224384718,598273.045115976,1000000,0,149528.029919135,5.98E+008,5.98E+008,1.50E+004,0,15000,0,42412.1427903432,4.58E+005,1.50E+005,113378.555660141,125.592844222,70686.904650572
94.8245243458,607.0318350598,606864.801195151,1000000,0,167186.140321279,6.07E+008,6.07E+008,1.50E+004,0,15000,0,46515.4308215526,4.40E+005,1.67E+005,87120.0797822322,123.8386991581,77525.7180359209
94.8844537943,616.6032261557,616422.026867574,1000000,0,181365.649591472,6.17E+008,6.16E+008,1.50E+004,0,15000,0,51043.0713699213,3.76E+005,1.81E+005,63373.7734485209,121.9349436345,85071.7856165354
94.9443832429,626.8632997028,626673.28495313,1000000,0,190189.829861627,6.27E+008,6.27E+008,1.50E+004,0,15000,0,55819.7081077817,2.89E+005,1.90E+005,44288.0750192639,119.9466232932,93032.8468463028
95.0043126914,637.4758519061,637282.608624971,1000000,0,193421.503414445,6.37E+008,6.37E+008,1.50E+004,0,15000,0,60638.2823925713,2.06E+005,1.93E+005,30436.4652424031,117.9468535567,101063.803987619
95.06424214,648.1344163854,647942.483569146,1000000,0,192109.665529586,6.48E+008,6.48E+008,1.50E+004,0,15000,0,65315.9783990939,1.40E+005,1.92E+005,21077.7696186072,115.9969230013,108859.96399849
95.1241715885,658.6114671257,658423.948206676,1000000,0,187691.315572298,6.59E+008,6.58E+008,1.50E+004,0,15000,0,69722.8305962579,9.54E+004,1.88E+005,15004.1778876257,114.1372411446,116204.71766043
95.1841010371,668.7609177434,668579.683757411,1000000,0,181400.07666553,6.69E+008,6.69E+008,1.50E+004,0,15000,0,73781.6161399198,6.61E+004,1.81E+005,11129.5317930407,112.3889094074,122969.3602332
95.2558448526,680.3665043256,680194.060415181,1000000,0,172601.200673387,6.80E+008,6.80E+008,1.50E+004,0,15000,0,78132.3624105688,4.47E+004,1.73E+005,8302.4255408323,110.4523278533,130220.604017615
95.3302044731,691.7044673538,691541.691669876,1000000,0,162923.305104508,6.92E+008,6.92E+008,1.50E+004,0,15000,0,82042.6567383509,3.18E+004,1.63E+005,6621.3518919874,108.622740899,136737.761230585
95.4045640936,702.3204234409,702167.337599455,1000000,0,153223.777048882,7.02E+008,7.02E+008,1.50E+004,0,15000,0,85358.1288261835,2.41E+004,1.53E+005,5684.6180619469,106.9633415942,142263.548043639
95.4789237142,712.2248832971,712081.222753777,1000000,0,143789.060362281,7.12E+008,7.12E+008,1.50E+004,0,15000,0,88110.7942273392,1.94E+004,1.44E+005,5195.5451343712,105.4601016487,146851.323712232
95.5532833347,721.4435096102,721308.869433566,1000000,0,134759.681167026,7.21E+008,7.21E+008,1.50E+004,0,15000,0,90340.2341108086,1.64E+004,1.35E+005,4988.059023522,104.0984267944,150567.056851348
95.6276429552,730.0091257144,729883.038627209,1000000,0,126198.046729265,7.30E+008,7.30E+008,1.50E+004,0,15000,0,92088.5414871348,1.43E+004,1.26E+005,4966.9586515361,102.8643972945,153480.902478558
95.7020025758,737.9574308188,737839.409148647,1000000,0,118124.572295024,7.38E+008,7.38E+008,1.50E+004,0,15000,0,93397.6790919028,1.28E+004,1.18E+005,5076.1142592359,101.7452492246,155662.798486505
95.7800867176,745.6790672662,745568.992688718,1000000,0,110169.540689083,7.46E+008,7.46E+008,1.50E+004,0,15000,0,94343.9370556659,1.17E+004,1.10E+005,5293.8406886593,100.6811543025,157239.895092776
95.8916915509,755.6845609658,755584.950890177,1000000,0,99694.5852430073,7.56E+008,7.56E+008,1.50E+004,0,15000,0,95020.4078365226,1.04E+004,9.97E+004,5742.8324395766,99.3350720635,158367.346394204
96.0032963842,764.5790821793,764488.950807556,1000000,0,90206.4126734477,7.65E+008,7.64E+008,1.50E+004,0,15000,0,95007.3439708915,9.37E+003,9.02E+004,6318.1105705432,98.1683737825,158345.573284819
96.132115912,773.6015827889,773521.274013973,1000000,0,80374.0034970058,7.74E+008,7.74E+008,1.50E+004,0,15000,0,94272.800002178,8.39E+003,8.04E+004,7109.1740399594,97.012571846,157121.333336963
96.3011030603,783.648974851,783579.935764319,1000000,0,69093.0573452271,7.84E+008,7.84E+008,1.50E+004,0,15000,0,92365.7835300057,7.30E+003,6.91E+004,8321.4110493311,95.7570295594,153942.972550009
96.4788225122,792.3167657507,792257.863834012,1000000,0,58945.7607286259,7.92E+008,7.92E+008,1.50E+004,0,15000,0,89475.9388527094,6.29E+003,5.89E+004,9782.1118053406,94.699537811,149126.564754516
96.7351326962,801.9535176467,801906.660074676,1000000,0,46889.3840710729,8.02E+008,8.02E+008,1.50E+004,0,15000,0,84209.9026907207,5.04E+003,4.69E+004,12180.0554703339,93.5504672645,140349.837817868
97.0437256173,809.9523055109,809916.727660516,1000000,0,35598.3941086144,8.10E+008,8.10E+008,1.50E+004,0,15000,0,76874.5559541262,3.80E+003,3.56E+004,15452.979059082,92.6167819321,128124.259923544
97.4307426442,815.7771545174,815751.978690174,1000000,0,25185.979399962,8.16E+008,8.16E+008,1.50E+004,0,15000,0,67139.1442913864,2.65E+003,2.52E+004,20024.3178890784,91.9468358401,111898.573818977
97.8177596711,818.199991974,818182.183083414,1000000,0,17811.6832246145,8.18E+008,8.18E+008,1.50E+004,0,15000,0,57608.0455996851,1.88E+003,1.78E+004,24965.9868337307,91.6686158346,96013.4093328084
98.204776698,818.2174644751,818204.851835725,1000000,0,12610.2410455927,8.18E+008,8.18E+008,1.50E+004,0,15000,0,48770.1634426177,1.41E+003,1.26E+004,30144.7427879388,91.6624990452,81283.6057376962
98.5917937249,816.5434437365,816534.471360491,1000000,0,8966.3412079018,8.17E+008,8.17E+008,1.50E+004,0,15000,0,40862.3753339334,1.15E+003,8.97E+003,35460.6971216071,91.8474850405,68103.958889889
98.9788107518,813.6892550622,813682.81016091,1000000,0,6436.34176839,8.14E+008,8.14E+008,1.50E+004,0,15000,0,33964.4947458402,1.04E+003,6.44E+003,40845.2119493726,92.1675790959,56607.491243067
99.3658277786,810.0197167219,810015.007735576,1000000,0,4698.6928527622,8.10E+008,8.10E+008,1.50E+004,0,15000,0,28061.6865806293,1.02E+003,4.70E+003,46254.332828669,92.5836344744,46769.4776343821
99.7528448055,805.7935155719,805789.98325372,1000000,0,3520.8493353909,8.06E+008,8.06E+008,1.50E+004,0,15000,0,23085.6087945812,1.05E+003,3.52E+003,51661.4270290466,93.0681565415,38476.0146576354
100,802.8896462217,802886.651683941,1000000,0,2982.5317403813,8.03E+008,8.03E+008,1.50E+004,0,15000,0,20349.5246847191,1.08E+003,2.98E+003,55105.9800631891,93.4042502378,33915.8744745318
